产品类别,产品ID,产品型号,产品名称
配件,528,Rawlings Heart of THE Hide-11.5,棒球手套
配件,480,Rawlings Gold Glove-11.5,棒球手套
配件,537,Mizuno MVP-12,棒球手套
配件,529,Wilson-A2000-12.5,棒球手套
配件,536,Rawlings Pro Preffered-13-FirstBaseMitt,棒球手套
配件,530,Mizuno Franchise Series-12.5,棒球手套
配件,540,All-Star Pro CM3100SBT-33.5,棒球手套
配件,538,Mizuno Prospect GXC112-21.5,棒球手套
配件,541,Rawlings Pro Preferred PROSCM43C-34,棒球手套
配件,539,Adidas EQT-12.75,棒球手套
配件,535,Easton Small Batch-11.5,棒球手套
球,377,BA-180,硬式棒球
球,368,BA-180,硬式棒球
球,373,BA-180,硬式棒球
球,369,BA-180,硬式棒球
球,370,BA-180,硬式棒球
球,375,BA-180,硬式棒球
球,379,BA-180,硬式棒球
球,371,BA-180,硬式棒球
球,383,BA-580,硬式棒球
球,387,BA-580,硬式棒球
球,381,BA-580,硬式棒球
球,385,BA-580,硬式棒球
球,389,BA-580,硬式棒球
球,330,BA-150,硬式棒球
球,338,BA-150,硬式棒球
球,340,BA-150,硬式棒球
球,326,BA-150,硬式棒球
球,336,BA-150,硬式棒球
球,332,BA-150,硬式棒球
球,334,BA-150,硬式棒球
球,342,BA-150,硬式棒球
球,320,BA-150,硬式棒球
球,328,BA-150,硬式棒球
球,324,BA-150,硬式棒球
球,337,BA-150,硬式棒球
球,333,BA-150,硬式棒球
球,325,BA-150,硬式棒球
球,323,BA-150,硬式棒球
球,329,BA-150,硬式棒球
球,341,BA-150,硬式棒球
球,343,BA-150,硬式棒球
球,335,BA-150,硬式棒球
球,321,BA-150,硬式棒球
球,331,BA-150,硬式棒球
球,327,BA-150,硬式棒球
球,339,BA-150,硬式棒球
球,311,Rawlings-200,硬式棒球
球,310,Rawlings-200,硬式棒球
球,313,Rawlings-200,硬式棒球
球,314,Rawlings-200,硬式棒球
球,312,Rawlings-200,硬式棒球
球,346,Rawlings-USSSA,软式棒球
球,344,Rawlings-USSSA,软式棒球
球,347,Rawlings-USSSA,软式棒球
球,350,Rawlings-USSSA,软式棒球
球,345,Rawlings-USSSA,软式棒球
球,348,Rawlings-USSSA,软式棒球
球,351,Rawlings-USSSA,软式棒球
球,349,Rawlings-USSSA,软式棒球
球,360,HotDot-AHD12CY,软式棒球
球,356,HotDot-AHD12CY,软式棒球
球,352,HotDot-AHD12CY,软式棒球
球,362,HotDot-AHD12CY,软式棒球
球,354,HotDot-AHD12CY,软式棒球
球,358,HotDot-AHD12CY,软式棒球
配件,484,Bases,垒垫
配件,487,Rawlings-R500,装备包
配件,486,Rawlings Big Hitter Batting Tee,打击T座
配件,483,Batting Net,球网
球,560,Dudley-SBC,垒球
球,578,Dudley-SBC,垒球
球,579,Dudley-SBC,垒球
球,565,Dudley-SB,垒球
球,566,Dudley-SB,垒球
球,586,Dudley-SB,垒球
球,572,Dudley-SB,垒球
球,585,Dudley-SB,垒球
球,577,Dudley-SBC,垒球
球,569,Dudley-SB,垒球
球,568,Dudley-SB,垒球
球,570,Dudley-SB,垒球
球,567,Dudley-SB,垒球
球,571,Dudley-SB,垒球
球,573,Dudley-Thunder-SY,垒球
球,564,Dudley-Thunder-SY,垒球
球,576,Dudley-Thunder-SY,垒球
球,574,Dudley-Thunder-SY,垒球
球,561,Dudley-Thunder-SY,垒球
球,563,Dudley-Thunder-SY,垒球
球,562,Dudley-Thunder-SY,垒球
球,575,Dudley-Thunder-SY,垒球
服装,463,Bat Gloves,击打手套
服装,465,Bat Gloves,击打手套
服装,467,Bat Gloves,击打手套
服装,471,Catcher's Gear,捕手护具
服装,473,Catcher's Gear,捕手护具
服装,472,Catcher's Gear,捕手护具
服装,475,Leather Belt,皮带
服装,474,Leather Belt,皮带
服装,476,Leather Belt,皮带
服装,237,Rawlings Long-Sleeve,棒球服
服装,234,Rawlings Long-Sleeve,棒球服
服装,228,Rawlings Long-Sleeve,棒球服
服装,231,Rawlings Long-Sleeve,棒球服
服装,490,Short-Sleeve Classic Jersey,棒球服
服装,489,Short-Sleeve Classic Jersey,棒球服
服装,491,Short-Sleeve Classic Jersey,棒球服
服装,488,Short-Sleeve Classic Jersey,棒球服
服装,482,Baseball Socks,袜子
服装,481,Baseball Socks,袜子
服装,225,Baseball Cap,帽子
配件,485,Bow Net,三角网架
球,593,Rawlings-deBEER,软式棒球
球,598,Rawlings-deBEER,软式棒球
球,599,Rawlings-deBEER,软式棒球
球,595,Rawlings-deBEER,软式棒球
球,594,Rawlings-deBEER,软式棒球
球,596,Rawlings-deBEER,软式棒球
球,589,Rawlings-ASA-RIF,软式棒球
球,590,Rawlings-ASA-RIF,软式棒球
球,588,Rawlings-ASA-RIF,软式棒球
球,600,Rawlings-deBEER,软式棒球
球,587,Rawlings-ASA-RIF,软式棒球
球,597,Rawlings-deBEER,软式棒球
球,591,Rawlings-deBEER,软式棒球
球,592,Rawlings-deBEER,软式棒球
球,353,HotDot-AHD12CY,软式棒球
球,355,HotDot-AHD12CY,软式棒球
球,357,HotDot-AHD12CY,软式棒球
球,363,HotDot-AHD12CY,软式棒球
球,361,HotDot-AHD12CY,软式棒球
球,359,HotDot-AHD12CY,软式棒球
球,388,BA-580,硬式棒球
球,382,BA-580,硬式棒球
球,384,BA-580,硬式棒球
球,386,BA-580,硬式棒球
球,390,BA-580,硬式棒球
球,378,BA-180,硬式棒球
球,581,Rawlings-100,硬式棒球
球,374,BA-180,硬式棒球
球,580,Rawlings-100,硬式棒球
球,582,Rawlings-100,硬式棒球
球,583,Rawlings-100,硬式棒球
球,376,BA-180,硬式棒球
球,372,BA-180,硬式棒球
球,380,BA-180,硬式棒球
球,606,KANSA-10,硬式棒球
球,604,KANSA-10,硬式棒球
球,605,KANSA-10,硬式棒球
球,584,KANSA-10,硬式棒球
配件,222,Easton-Z5,头盔
配件,217,Easton-Z5,头盔
配件,214,Easton-Z5,头盔
配件,478,Marucci CAT Composite,球棒与球棒袋
配件,479,Marucci CAT9,球棒与球棒袋
配件,477,Bat Pack,球棒与球棒袋
球,322,BA-150,硬式棒球
